,links
0,https://maximoveis.com.br/imovel/9657/apartamento-2-quartos-residencial-nova-zelandia-meia-praia-navegantes/
1,https://maximoveis.com.br/imovel/12845/apartamento-3-quartos-costa-marina-fazenda-itajai/
2,https://maximoveis.com.br/imovel/12846/apartamento-2-quartos-costa-esmeralda-sao-joao-itajai/
3,https://maximoveis.com.br/imovel/8174/apartamento-2-quartos-quinta-das-araucarias-itaipava-itajai/
4,https://maximoveis.com.br/imovel/12821/apartamento-3-quartos-residencial-santa-maria-centro-itajai/
5,https://maximoveis.com.br/imovel/2610/apartamento-2-quartos-viva-vida-park-residence-carvalho-itajai/
6,https://maximoveis.com.br/imovel/7218/apartamento-2-quartos-vistalegre-cordeiros-itajai/
7,https://maximoveis.com.br/imovel/11736/apartamento-2-quartos-manhattan-life-connection-centro-itajai/
8,https://maximoveis.com.br/imovel/12837/apartamento-2-quartos-farol-de-sagres-centro-itajai/
9,https://maximoveis.com.br/imovel/12849/apartamento-3-quartos-contorno-sul-ressacada-itajai/
10,https://maximoveis.com.br/imovel/12785/apartamento-2-quartos-parque-europeu-ressacada-itajai/
11,https://maximoveis.com.br/imovel/12896/apartamento-3-quartos-sao-vicente-home-club-sao-vicente-itajai/
12,https://maximoveis.com.br/imovel/12704/apartamento-2-quartos-luna-bella-itaipava-itajai/
13,https://maximoveis.com.br/imovel/10519/apartamento-2-quartos-quinta-das-araucarias-itaipava-itajai/
14,https://maximoveis.com.br/imovel/3994/apartamento-3-quartos-parque-das-flores-centro-itajai/
15,https://maximoveis.com.br/imovel/6194/apartamento-3-quartos-ilha-de-paqueta-residence-centro-navegantes/
16,https://maximoveis.com.br/imovel/12403/apartamento-2-quartos-vitta-club-espinheiros-itajai/
17,https://maximoveis.com.br/imovel/2576/apartamento-3-quartos-emendorfer-centro-itajai/
18,https://maximoveis.com.br/imovel/11553/apartamento-3-quartos-ilha-de-vancouver-centro-navegantes/
19,https://maximoveis.com.br/imovel/10130/apartamento-3-quartos-vivacita-residencial-fazenda-itajai/
20,https://maximoveis.com.br/imovel/12658/apartamento-2-quartos-lago-maggiore-residenze-cordeiros-itajai/
21,https://maximoveis.com.br/imovel/12083/apartamento-3-quartos-residencial-carlos-volter-meia-praia-navegantes/
22,https://maximoveis.com.br/imovel/11687/apartamento-2-quartos-solar-das-araucarias-bc-na%C3%A7oes-balneario-camboriu/
23,https://maximoveis.com.br/imovel/5174/apartamento-2-quartos-residencial-peter-brook-centro-itajai/
24,https://maximoveis.com.br/imovel/12117/apartamento-3-quartos-maria-regina-vanzo-centro-balneario-camboriu/
25,https://maximoveis.com.br/imovel/12583/apartamento-2-quartos-condominio-residencial-victoria-sao-vicente-itajai/
26,https://maximoveis.com.br/imovel/12770/apartamento-2-quartos-lotisa-home-club-fazenda-itajai/
27,https://maximoveis.com.br/imovel/11905/apartamento-2-quartos-990-square-centro-navegantes/
28,https://maximoveis.com.br/imovel/12066/apartamento-3-quartos-lotisa-home-club-fazenda-itajai/
29,https://maximoveis.com.br/imovel/12893/apartamento-2-quartos-brava-ocean-balneario-santa-clara-itajai/
30,https://maximoveis.com.br/imovel/8349/apartamento-2-quartos-downtown-residence-centro-itajai/
31,https://maximoveis.com.br/imovel/12188/apartamento-2-quartos-maxhaus-praia-brava-praia-brava-itajai/
32,https://maximoveis.com.br/imovel/6115/apartamento-2-quartos-residencial-portal-de-itajai-cidade-nova-itajai/
33,https://maximoveis.com.br/imovel/5261/apartamento-2-quartos-fit-sao-joao-sao-joao-itajai/
34,https://maximoveis.com.br/imovel/12903/apartamento-2-quartos-marazul-fazendinha-itajai/
35,https://maximoveis.com.br/imovel/7092/apartamento-2-quartos-residencial-italia-ii-centro-navegantes/
36,https://maximoveis.com.br/imovel/12244/apartamento-2-quartos-centro-navegantes/
37,https://maximoveis.com.br/imovel/3422/apartamento-1-quarto-studio-uno-dom-bosco-itajai/
38,https://maximoveis.com.br/imovel/3528/apartamento-2-quartos-residencial-royal-centro-navegantes/
39,https://maximoveis.com.br/imovel/8279/apartamento-3-quartos-opera-club-residence-fazenda-itajai/
40,https://maximoveis.com.br/imovel/11783/apartamento-3-quartos-villa-di-fiori-vila-operaria-itajai/
41,https://maximoveis.com.br/imovel/11878/apartamento-3-quartos-amadryas-centro-itajai/
42,https://maximoveis.com.br/imovel/10834/apartamento-2-quartos-villa-mariana-sao-joao-itajai/
43,https://maximoveis.com.br/imovel/11359/apartamento-2-quartos-residencial-ilhas-do-caribe-2-sao-paulo-navegantes/
44,https://maximoveis.com.br/imovel/9947/apartamento-3-quartos-marine-vision-fazenda-itajai/
45,https://maximoveis.com.br/imovel/10283/apartamento-2-quartos-chiquetti-residencial-meia-praia-navegantes/
46,https://maximoveis.com.br/imovel/1797/apartamento-2-quartos-porto-do-sol-residence-centro-itajai/
47,https://maximoveis.com.br/imovel/10021/apartamento-2-quartos-solar-das-araucarias-itaipava-itajai/
48,https://maximoveis.com.br/imovel/12899/apartamento-2-quartos-solar-das-araucarias-itaipava-itajai/
49,https://maximoveis.com.br/imovel/10571/apartamento-2-quartos-you-new-style-fazenda-itajai/
50,https://maximoveis.com.br/imovel/9420/apartamento-2-quartos-ilha-do-mel-sao-vicente-itajai/
51,https://maximoveis.com.br/imovel/2114/apartamento-3-quartos-plaza-gaudi-fazenda-itajai/
52,https://maximoveis.com.br/imovel/4521/apartamento-2-quartos-flamboyant-fazenda-itajai/
53,https://maximoveis.com.br/imovel/12853/apartamento-2-quartos-fazenda-garden-fazenda-itajai/
54,https://maximoveis.com.br/imovel/8690/apartamento-2-quartos-marisanto-murta-itajai/
55,https://maximoveis.com.br/imovel/6544/apartamento-3-quartos-ecoville-ressacada-itajai/
56,https://maximoveis.com.br/imovel/9306/apartamento-3-quartos-malbec-sao-judas-itajai/
57,https://maximoveis.com.br/imovel/12412/apartamento-3-quartos-nob-hill-apartaments-fazenda-itajai/
58,https://maximoveis.com.br/imovel/11965/apartamento-2-quartos-opera-club-residence-fazenda-itajai/
59,https://maximoveis.com.br/imovel/8121/apartamento-2-quartos-sao-vicente-home-club-sao-vicente-itajai/
60,https://maximoveis.com.br/imovel/11711/apartamento-3-quartos-maison-d-lourdes-fazenda-itajai/
61,https://maximoveis.com.br/imovel/6099/apartamento-3-quartos-gran-marine-fazenda-itajai/
62,https://maximoveis.com.br/imovel/5626/apartamento-2-quartos-plaza-gaudi-fazenda-itajai/
63,https://maximoveis.com.br/imovel/6977/apartamento-2-quartos-villa-florence-sao-pedro-navegantes/
64,https://maximoveis.com.br/imovel/4453/apartamento-2-quartos-ferrara-centro-itajai/
65,https://maximoveis.com.br/imovel/3934/apartamento-3-quartos-areia-branca-fazenda-itajai/
66,https://maximoveis.com.br/imovel/12747/apartamento-2-quartos-residencial-puerto-soleil-centro-navegantes/
67,https://maximoveis.com.br/imovel/3212/apartamento-2-quartos-residencial-aguas-claras-cordeiros-itajai/
68,https://maximoveis.com.br/imovel/10500/apartamento-2-quartos-maiori-centro-itajai/
69,https://maximoveis.com.br/imovel/12702/apartamento-2-quartos-luna-bella-itaipava-itajai/
70,https://maximoveis.com.br/imovel/8720/apartamento-4-quartos-ocean-tower-pioneiros-balneario-camboriu/
71,https://maximoveis.com.br/imovel/8120/apartamento-3-quartos-sao-vicente-home-club-sao-vicente-itajai/
72,https://maximoveis.com.br/imovel/8003/apartamento-3-quartos-urban-classic-centro-itajai/
73,https://maximoveis.com.br/imovel/5069/apartamento-2-quartos-jardim-das-aguas-centro-itajai/
74,https://maximoveis.com.br/imovel/286/apartamento-2-quartos-pharol-do-porto-residence-sao-pedro-navegantes/
75,https://maximoveis.com.br/imovel/11646/apartamento-4-quartos-farol-da-barra-fazenda-itajai/
76,https://maximoveis.com.br/imovel/7693/apartamento-3-quartos-residencial-solar-vitoria-gravata-navegantes/
77,https://maximoveis.com.br/imovel/12458/apartamento-2-quartos-marisanto-murta-itajai/
78,https://maximoveis.com.br/imovel/12114/apartamento-2-quartos-residencial-netuno-cordeiros-itajai/
79,https://maximoveis.com.br/imovel/12756/apartamento-2-quartos-residencial-alameda-jobim-sao-joao-itajai/
80,https://maximoveis.com.br/imovel/11092/apartamento-2-quartos-porto-seguro-sao-vicente-itajai/
81,https://maximoveis.com.br/imovel/6919/apartamento-2-quartos-smart-navegantes-centro-navegantes/
82,https://maximoveis.com.br/imovel/10598/apartamento-3-quartos-ibiza-residence-centro-navegantes/
83,https://maximoveis.com.br/imovel/7738/apartamento-2-quartos-cielo-di-amalfi-centro-itajai/
84,https://maximoveis.com.br/imovel/4324/apartamento-3-quartos-dona-emilia-centro-itajai/
85,https://maximoveis.com.br/imovel/10048/apartamento-2-quartos-jardins-de-burle-marx-sao-joao-itajai/
86,https://maximoveis.com.br/imovel/6562/apartamento-2-quartos-saint-paul-sao-judas-itajai/
87,https://maximoveis.com.br/imovel/5630/apartamento-2-quartos-la-villa-santangelo-fazenda-itajai/
88,https://maximoveis.com.br/imovel/8334/apartamento-2-quartos-homeset-residence-garden-murta-itajai/
89,https://maximoveis.com.br/imovel/4507/apartamento-3-quartos-sun-coast-residence-fazenda-itajai/
90,https://maximoveis.com.br/imovel/7058/apartamento-3-quartos-mar-dos-a%C3%A7ores-centro-itajai/
91,https://maximoveis.com.br/imovel/11759/apartamento-2-quartos-cross-residence-centro-navegantes/
92,https://maximoveis.com.br/imovel/12751/apartamento-3-quartos-residencial-alameda-jobim-sao-joao-itajai/
93,https://maximoveis.com.br/imovel/11352/apartamento-2-quartos-manhattan-life-connection-centro-itajai/
94,https://maximoveis.com.br/imovel/11543/apartamento-2-quartos-living-360%C2%BA-vila-operaria-itajai/
95,https://maximoveis.com.br/imovel/12365/apartamento-3-quartos-francisco-eduardo-centro-itajai/
96,https://maximoveis.com.br/imovel/12169/apartamento-2-quartos-dona-adelia-sao-vicente-itajai/
97,https://maximoveis.com.br/imovel/10544/apartamento-2-quartos-residencial-peter-brook-centro-itajai/
98,https://maximoveis.com.br/imovel/7442/apartamento-2-quartos-plaza-gaudi-fazenda-itajai/
99,https://maximoveis.com.br/imovel/6254/apartamento-4-quartos-l-acqua-residence-centro-itajai/
100,https://maximoveis.com.br/imovel/11032/apartamento-3-quartos-albany-centro-balneario-camboriu/
101,https://maximoveis.com.br/imovel/11423/apartamento-2-quartos-dona-adelia-sao-vicente-itajai/
102,https://maximoveis.com.br/imovel/12708/apartamento-2-quartos-luna-bella-itaipava-itajai/
103,https://maximoveis.com.br/imovel/3565/apartamento-3-quartos-residencial-paraiso-centro-itajai/
104,https://maximoveis.com.br/imovel/11877/apartamento-3-quartos-duetto-ressacada-itajai/
105,https://maximoveis.com.br/imovel/8856/apartamento-2-quartos-vila-imperial-sao-pedro-navegantes/
106,https://maximoveis.com.br/imovel/11205/apartamento-3-quartos-brisa-do-mar-fazenda-itajai/
107,https://maximoveis.com.br/imovel/11288/apartamento-3-quartos-life-residence-ressacada-itajai/
108,https://maximoveis.com.br/imovel/10625/apartamento-2-quartos-emerald-residence-praia-brava-itajai/
109,https://maximoveis.com.br/imovel/12154/apartamento-3-quartos-bellaggio-residenze-centro-itajai/
110,https://maximoveis.com.br/imovel/12406/apartamento-2-quartos-lago-de-maracaibo-na%C3%A7oes-balneario-camboriu/
111,https://maximoveis.com.br/imovel/10589/apartamento-2-quartos-libra-concept-residence-sao-vicente-itajai/
112,https://maximoveis.com.br/imovel/12746/apartamento-2-quartos-residencial-puerto-soleil-centro-navegantes/
113,https://maximoveis.com.br/imovel/12879/apartamento-3-quartos-marine-vision-fazenda-itajai/
114,https://maximoveis.com.br/imovel/12028/apartamento-3-quartos-valencia-fazenda-itajai/
115,https://maximoveis.com.br/imovel/12582/apartamento-2-quartos-condominio-residencial-victoria-sao-vicente-itajai/
116,https://maximoveis.com.br/imovel/12738/apartamento-2-quartos-carolina-dal%C3%A7oquio-espinheiros-itajai/
117,https://maximoveis.com.br/imovel/11325/apartamento-3-quartos-lottus-residence-centro-itajai/
118,https://maximoveis.com.br/imovel/9494/apartamento-4-quartos-olympicos-cabe%C3%A7udas-itajai/
119,https://maximoveis.com.br/imovel/12593/apartamento-2-quartos-residencial-ilhas-maldivas-centro-navegantes/
120,https://maximoveis.com.br/imovel/7398/apartamento-2-quartos-sao-vicente-home-club-sao-vicente-itajai/
121,https://maximoveis.com.br/imovel/11860/apartamento-3-quartos-torre-esmeralda-centro-balneario-camboriu/
122,https://maximoveis.com.br/imovel/3762/apartamento-4-quartos-edith-bernardes-fazenda-itajai/
123,https://maximoveis.com.br/imovel/4414/apartamento-2-quartos-monier-sao-joao-itajai/
124,https://maximoveis.com.br/imovel/10425/apartamento-3-quartos-renoir-vila-operaria-itajai/
125,https://maximoveis.com.br/imovel/8428/apartamento-3-quartos-atmos-blue-sao-judas-itajai/
126,https://maximoveis.com.br/imovel/10403/apartamento-2-quartos-ravello-residencial-centro-navegantes/
127,https://maximoveis.com.br/imovel/12715/apartamento-2-quartos-residencial-verona-meia-praia-navegantes/
128,https://maximoveis.com.br/imovel/12057/apartamento-2-quartos-barra-garden-barra-do-rio-itajai/
129,https://maximoveis.com.br/imovel/12379/apartamento-3-quartos-november-residence-centro-itajai/
130,https://maximoveis.com.br/imovel/10991/apartamento-2-quartos-you-new-style-fazenda-itajai/
131,https://maximoveis.com.br/imovel/5049/apartamento-2-quartos-plaza-gaudi-fazenda-itajai/
132,https://maximoveis.com.br/imovel/742/apartamento-4-quartos-haroldo-villela-centro-itajai/
133,https://maximoveis.com.br/imovel/11361/apartamento-2-quartos-residencial-ocean-breeze-meia-praia-navegantes/
134,https://maximoveis.com.br/imovel/12532/apartamento-2-quartos-genebra-residence-centro-navegantes/
135,https://maximoveis.com.br/imovel/12783/apartamento-2-quartos-residencial-ouro-brasil-na%C3%A7oes-balneario-camboriu/
136,https://maximoveis.com.br/imovel/12018/apartamento-3-quartos-pontal-da-barra-fazenda-itajai/
137,https://maximoveis.com.br/imovel/12021/apartamento-2-quartos-quinta-das-araucarias-itaipava-itajai/
138,https://maximoveis.com.br/imovel/4780/apartamento-3-quartos-residencial-monet-centro-itajai/
139,https://maximoveis.com.br/imovel/12707/apartamento-2-quartos-luna-bella-itaipava-itajai/
140,https://maximoveis.com.br/imovel/11679/apartamento-3-quartos-vila-do-verde-fazenda-itajai/
141,https://maximoveis.com.br/imovel/6836/apartamento-2-quartos-990-square-centro-navegantes/
142,https://maximoveis.com.br/imovel/12679/apartamento-3-quartos-brava-view-praia-brava-itajai/
143,https://maximoveis.com.br/imovel/12580/apartamento-2-quartos-condominio-residencial-victoria-sao-vicente-itajai/
144,https://maximoveis.com.br/imovel/1351/apartamento-3-quartos-navecenter-centro-navegantes/
145,https://maximoveis.com.br/imovel/10904/apartamento-3-quartos-diamond-tower-sao-pedro-navegantes/
146,https://maximoveis.com.br/imovel/12647/apartamento-2-quartos-flor-de-liz-vila-operaria-itajai/
147,https://maximoveis.com.br/imovel/11462/apartamento-12-quartos-cordeiros-itajai/
148,https://maximoveis.com.br/imovel/12695/apartamento-2-quartos-residencial-veneto-centro-navegantes/
149,https://maximoveis.com.br/imovel/12913/apartamento-3-quartos-surfers-paradise-balneario-santa-clara-itajai/
150,https://maximoveis.com.br/imovel/10534/apartamento-3-quartos-valencia-bc-centro-balneario-camboriu/
151,https://maximoveis.com.br/imovel/11719/apartamento-3-quartos-residencial-monet-centro-itajai/
152,https://maximoveis.com.br/imovel/12531/apartamento-3-quartos-genebra-residence-centro-navegantes/
153,https://maximoveis.com.br/imovel/12736/apartamento-3-quartos-ressacada-itajai/
154,https://maximoveis.com.br/imovel/10132/apartamento-3-quartos-vivacita-residencial-fazenda-itajai/
155,https://maximoveis.com.br/imovel/12242/apartamento-2-quartos-residencial-dom-manoel-machados-navegantes/
156,https://maximoveis.com.br/imovel/12461/apartamento-3-quartos-leopoldo-zarling-centro-itajai/
157,https://maximoveis.com.br/imovel/1885/apartamento-3-quartos-palladium-residence-centro-itajai/
158,https://maximoveis.com.br/imovel/12464/apartamento-3-quartos-residencial-benjamin-ressacada-itajai/
159,https://maximoveis.com.br/imovel/12700/apartamento-3-quartos-supreme-garden-dom-bosco-itajai/
160,https://maximoveis.com.br/imovel/10703/apartamento-3-quartos-le-havre-residence-fazenda-itajai/
161,https://maximoveis.com.br/imovel/12801/apartamento-2-quartos-sao-vicente-home-club-sao-vicente-itajai/
162,https://maximoveis.com.br/imovel/12688/apartamento-2-quartos-residencial-genova-meia-praia-navegantes/
163,https://maximoveis.com.br/imovel/9026/apartamento-3-quartos-le-blanc-brava-residence-praia-brava-itajai/
164,https://maximoveis.com.br/imovel/11340/apartamento-6-quartos-aririba-balneario-camboriu/
165,https://maximoveis.com.br/imovel/12851/apartamento-2-quartos-byron-bay-vila-operaria-itajai/
166,https://maximoveis.com.br/imovel/10543/apartamento-2-quartos-residencial-peter-brook-centro-itajai/
167,https://maximoveis.com.br/imovel/12630/apartamento-1-quarto-unique-(ck-)-centro-itajai/
168,https://maximoveis.com.br/imovel/3338/apartamento-3-quartos-costiera-amalfitana-centro-navegantes/
169,https://maximoveis.com.br/imovel/12047/apartamento-3-quartos-motiro-fazenda-itajai/
170,https://maximoveis.com.br/imovel/4733/apartamento-3-quartos-plaza-gaudi-fazenda-itajai/
171,https://maximoveis.com.br/imovel/12717/apartamento-2-quartos-residencial-verona-meia-praia-navegantes/
172,https://maximoveis.com.br/imovel/6382/apartamento-3-quartos-osny-pereira-centro-itajai/
173,https://maximoveis.com.br/imovel/3905/apartamento-3-quartos-de-leon-centro-itajai/
174,https://maximoveis.com.br/imovel/2222/apartamento-2-quartos-rubi-na%C3%A7oes-balneario-camboriu/
175,https://maximoveis.com.br/imovel/12735/apartamento-3-quartos-ressacada-itajai/
176,https://maximoveis.com.br/imovel/11943/apartamento-2-quartos-fontana-della-barcaccia-centro-itajai/
177,https://maximoveis.com.br/imovel/12454/apartamento-2-quartos-mykonos-%E2%80%93-ilhas-gregas-dom-bosco-itajai/
178,https://maximoveis.com.br/imovel/12705/apartamento-2-quartos-luna-bella-itaipava-itajai/
179,https://maximoveis.com.br/imovel/11775/apartamento-2-quartos-don-juan-centro-navegantes/
180,https://maximoveis.com.br/imovel/12878/apartamento-2-quartos-vila-das-palmeiras-espinheiros-itajai/
181,https://maximoveis.com.br/imovel/9018/apartamento-4-quartos-solares-da-brava-praia-brava-itajai/
182,https://maximoveis.com.br/imovel/10868/apartamento-3-quartos-palladium-residence-centro-itajai/
183,https://maximoveis.com.br/imovel/12424/apartamento-2-quartos-dom-vicente-sao-judas-itajai/
184,https://maximoveis.com.br/imovel/8321/apartamento-3-quartos-le-blanc-brava-residence-praia-brava-itajai/
185,https://maximoveis.com.br/imovel/10816/apartamento-3-quartos-casa-atalaia-47-fazenda-itajai/
186,https://maximoveis.com.br/imovel/12675/apartamento-3-quartos-one-palace-residence-fazenda-itajai/
187,https://maximoveis.com.br/imovel/11873/apartamento-1-quarto-hub-45-centro-itajai/
188,https://maximoveis.com.br/imovel/11538/apartamento-2-quartos-rio-loire-meia-praia-navegantes/
189,https://maximoveis.com.br/imovel/10785/apartamento-3-quartos-soho-538-centro-itajai/
190,https://maximoveis.com.br/imovel/12266/apartamento-2-quartos-inside-aririba-balneario-camboriu/
191,https://maximoveis.com.br/imovel/11660/apartamento-2-quartos-quartzo-residence-centro-navegantes/
192,https://maximoveis.com.br/imovel/7569/apartamento-3-quartos-residencial-maggiore-vila-operaria-itajai/
193,https://maximoveis.com.br/imovel/10068/apartamento-3-quartos-monte-solaro-centro-itajai/
194,https://maximoveis.com.br/imovel/10326/apartamento-3-quartos-atmos-sky-vila-operaria-itajai/
195,https://maximoveis.com.br/imovel/11847/apartamento-2-quartos-arcadia-sao-judas-itajai/
196,https://maximoveis.com.br/imovel/10762/apartamento-3-quartos-laguna-182-fazenda-itajai/
197,https://maximoveis.com.br/imovel/10770/apartamento-2-quartos-lago-di-ledro-sao-joao-itajai/
198,https://maximoveis.com.br/imovel/7741/apartamento-3-quartos-residencial-maggiore-vila-operaria-itajai/
199,https://maximoveis.com.br/imovel/11803/apartamento-3-quartos-residencial-monet-centro-itajai/
200,https://maximoveis.com.br/imovel/10789/apartamento-4-quartos-velazquez-fazenda-itajai/
201,https://maximoveis.com.br/imovel/11364/apartamento-2-quartos-jardins-de-burle-marx-sao-joao-itajai/
202,https://maximoveis.com.br/imovel/11918/apartamento-3-quartos-camboriu-center-centro-balneario-camboriu/
203,https://maximoveis.com.br/imovel/12136/apartamento-2-quartos-monier-sao-joao-itajai/
204,https://maximoveis.com.br/imovel/11331/apartamento-3-quartos-belvedere-residence-fazendinha-itajai/
205,https://maximoveis.com.br/imovel/5182/apartamento-2-quartos-brava-view-praia-brava-itajai/
206,https://maximoveis.com.br/imovel/12790/apartamento-2-quartos-quinta-das-araucarias-itaipava-itajai/
207,https://maximoveis.com.br/imovel/11544/apartamento-3-quartos-living-360%C2%BA-vila-operaria-itajai/
208,https://maximoveis.com.br/imovel/11819/apartamento-3-quartos-amores-da-brava-praia-brava-itajai/
209,https://maximoveis.com.br/imovel/12411/apartamento-2-quartos-bela-unione-sao-joao-itajai/
210,https://maximoveis.com.br/imovel/6098/apartamento-3-quartos-gran-marine-fazenda-itajai/
211,https://maximoveis.com.br/imovel/12133/apartamento-3-quartos-edith-bernardes-fazenda-itajai/
212,https://maximoveis.com.br/imovel/6947/apartamento-3-quartos-chardonnay-residence-centro-navegantes/
213,https://maximoveis.com.br/imovel/12825/apartamento-1-quarto-ilha-do-farol-bc-pioneiros-balneario-camboriu/
214,https://maximoveis.com.br/imovel/12657/apartamento-2-quartos-lago-maggiore-residenze-cordeiros-itajai/
215,https://maximoveis.com.br/imovel/10327/apartamento-4-quartos-atmos-sky-vila-operaria-itajai/
216,https://maximoveis.com.br/imovel/12617/apartamento-2-quartos-centro-navegantes/
217,https://maximoveis.com.br/imovel/11697/apartamento-2-quartos-residencial-villaggio-di-siena-meia-praia-navegantes/
218,https://maximoveis.com.br/imovel/11428/apartamento-2-quartos-dona-adelia-sao-vicente-itajai/
219,https://maximoveis.com.br/imovel/12565/apartamento-2-quartos-luna-bella-itaipava-itajai/
220,https://maximoveis.com.br/imovel/10309/apartamento-3-quartos-north-brava-praia-brava-itajai/
221,https://maximoveis.com.br/imovel/10324/apartamento-2-quartos-atmos-sky-vila-operaria-itajai/
222,https://maximoveis.com.br/imovel/11977/apartamento-3-quartos-splendid-etoile-cabe%C3%A7udas-itajai/
223,https://maximoveis.com.br/imovel/11425/apartamento-2-quartos-dona-adelia-sao-vicente-itajai/
224,https://maximoveis.com.br/imovel/10499/apartamento-2-quartos-maiori-centro-itajai/
225,https://maximoveis.com.br/imovel/11424/apartamento-2-quartos-dona-adelia-sao-vicente-itajai/
226,https://maximoveis.com.br/imovel/8990/apartamento-4-quartos-camboriu-tower-residence-fazenda-itajai/
227,https://maximoveis.com.br/imovel/12626/apartamento-2-quartos-camboriu-village-ii-varzea-do-ranchinho-camboriu/
228,https://maximoveis.com.br/imovel/12642/apartamento-1-quarto-san-martin-centro-balneario-camboriu/
229,https://maximoveis.com.br/imovel/12295/apartamento-3-quartos-torres-da-brava-praia-brava-itajai/
230,https://maximoveis.com.br/imovel/11946/apartamento-3-quartos-lottus-residence-centro-itajai/
231,https://maximoveis.com.br/imovel/12818/apartamento-3-quartos-aririba-centro-itajai/
232,https://maximoveis.com.br/imovel/12167/apartamento-2-quartos-dona-adelia-sao-vicente-itajai/
233,https://maximoveis.com.br/imovel/12049/apartamento-3-quartos-spazio-del-mare-centro-balneario-camboriu/
234,https://maximoveis.com.br/imovel/12450/apartamento-2-quartos-aludra-residence-meia-praia-navegantes/
235,https://maximoveis.com.br/imovel/6445/apartamento-4-quartos-camboriu-tower-residence-fazenda-itajai/
236,https://maximoveis.com.br/imovel/11174/apartamento-2-quartos-garden-club-sao-joao-itajai/
237,https://maximoveis.com.br/imovel/9025/apartamento-4-quartos-le-blanc-brava-residence-praia-brava-itajai/
238,https://maximoveis.com.br/imovel/12044/apartamento-2-quartos-privilege-residence-praia-brava-itajai/
239,https://maximoveis.com.br/imovel/10777/apartamento-2-quartos-lago-di-lucerna-dom-bosco-itajai/
240,https://maximoveis.com.br/imovel/2936/apartamento-2-quartos-villa-florence-sao-judas-itajai/
241,https://maximoveis.com.br/imovel/10501/apartamento-2-quartos-maiori-centro-itajai/
242,https://maximoveis.com.br/imovel/10488/apartamento-2-quartos-residencial-ilha-de-malta-centro-navegantes/
243,https://maximoveis.com.br/imovel/11623/apartamento-3-quartos-brava-valley-praia-brava-itajai/
244,https://maximoveis.com.br/imovel/12861/apartamento-3-quartos-duque-3751-vila-operaria-itajai/
245,https://maximoveis.com.br/imovel/11329/apartamento-3-quartos-marine-vision-fazenda-itajai/
246,https://maximoveis.com.br/imovel/9207/apartamento-2-quartos-granada-centro-balneario-camboriu/
247,https://maximoveis.com.br/imovel/12917/apartamento-2-quartos-urban-side-vila-operaria-itajai/
248,https://maximoveis.com.br/imovel/11176/apartamento-2-quartos-garden-club-sao-joao-itajai/
249,https://maximoveis.com.br/imovel/7985/apartamento-2-quartos-brava-hill-residence-praia-brava-itajai/
250,https://maximoveis.com.br/imovel/10854/apartamento-4-quartos-skyline-fazenda-itajai/
251,https://maximoveis.com.br/imovel/9352/apartamento-4-quartos-riva-praia-brava-itajai/
252,https://maximoveis.com.br/imovel/11173/apartamento-2-quartos-garden-club-sao-joao-itajai/
253,https://maximoveis.com.br/imovel/10705/apartamento-2-quartos-le-havre-residence-fazenda-itajai/
254,https://maximoveis.com.br/imovel/8829/apartamento-3-quartos-marechiaro-residencial-centro-itajai/
255,https://maximoveis.com.br/imovel/12426/apartamento-2-quartos-lottus-residence-centro-itajai/
256,https://maximoveis.com.br/imovel/12643/apartamento-2-quartos-villa-vitta-vila-operaria-itajai/
257,https://maximoveis.com.br/imovel/12703/apartamento-2-quartos-luna-bella-itaipava-itajai/
258,https://maximoveis.com.br/imovel/10056/apartamento-2-quartos-monte-solaro-centro-itajai/
259,https://maximoveis.com.br/imovel/12653/apartamento-3-quartos-porto-madeiro-praia-brava-itajai/
260,https://maximoveis.com.br/imovel/9710/apartamento-3-quartos-residencial-paradiso-del-mare-fazenda-itajai/
261,https://maximoveis.com.br/imovel/12636/apartamento-3-quartos-brava-22-praia-brava-itajai/
262,https://maximoveis.com.br/imovel/8994/apartamento-3-quartos-mabrem-san-marino-dom-bosco-itajai/
263,https://maximoveis.com.br/imovel/7534/apartamento-3-quartos-marechiaro-residencial-centro-itajai/
264,https://maximoveis.com.br/imovel/11310/apartamento-3-quartos-plaza-viena-na%C3%A7oes-balneario-camboriu/
265,https://maximoveis.com.br/imovel/12862/apartamento-2-quartos-duque-3751-vila-operaria-itajai/
266,https://maximoveis.com.br/imovel/10704/apartamento-2-quartos-le-havre-residence-fazenda-itajai/
267,https://maximoveis.com.br/imovel/11867/apartamento-2-quartos-sunset-residence-meia-praia-navegantes/
268,https://maximoveis.com.br/imovel/12432/apartamento-2-quartos-fontana-della-barcaccia-centro-itajai/
269,https://maximoveis.com.br/imovel/12121/apartamento-3-quartos-edificio-residencial-fernanda-e-daniel-vila-operaria-itajai/
270,https://maximoveis.com.br/imovel/10472/apartamento-2-quartos-brava-arts-praia-brava-itajai/
271,https://maximoveis.com.br/imovel/10691/apartamento-3-quartos-residencial-dusseldorf-praia-brava-itajai/
272,https://maximoveis.com.br/imovel/10690/apartamento-3-quartos-residencial-dusseldorf-praia-brava-itajai/
273,https://maximoveis.com.br/imovel/9709/apartamento-2-quartos-residencial-paradiso-del-mare-fazenda-itajai/
274,https://maximoveis.com.br/imovel/10497/apartamento-2-quartos-maiori-centro-itajai/
275,https://maximoveis.com.br/imovel/12665/apartamento-2-quartos-residencial-sea-paradise-centro-navegantes/
276,https://maximoveis.com.br/imovel/11409/apartamento-3-quartos-residencial-ilha-de-malta-centro-navegantes/
277,https://maximoveis.com.br/imovel/11476/apartamento-3-quartos-giardino-di-cezanne-centro-navegantes/
278,https://maximoveis.com.br/imovel/12877/apartamento-3-quartos-dom-pablo-centro-balneario-camboriu/
279,https://maximoveis.com.br/imovel/10302/apartamento-3-quartos-meia-praia-navegantes/
280,https://maximoveis.com.br/imovel/12273/apartamento-4-quartos-costa-esmeralda-residencial-bc-pioneiros-balneario-camboriu/
281,https://maximoveis.com.br/imovel/11466/apartamento-3-quartos-areia-branca-fazenda-itajai/
282,https://maximoveis.com.br/imovel/8323/apartamento-3-quartos-brava-villi-praia-brava-itajai/
283,https://maximoveis.com.br/imovel/12550/apartamento-1-quarto-brava-blue-praia-brava-itajai/
284,https://maximoveis.com.br/imovel/11872/apartamento-1-quarto-hub-45-centro-itajai/
285,https://maximoveis.com.br/imovel/12854/apartamento-2-quartos-lago-moraine-fazenda-itajai/
286,https://maximoveis.com.br/imovel/12632/apartamento-2-quartos-plaza-firenze-fazenda-itajai/
287,https://maximoveis.com.br/imovel/12038/apartamento-2-quartos-modena-residencial-centro-navegantes/
288,https://maximoveis.com.br/imovel/10855/apartamento-3-quartos-skyline-fazenda-itajai/
289,https://maximoveis.com.br/imovel/9410/apartamento-3-quartos-riva-praia-brava-itajai/
290,https://maximoveis.com.br/imovel/10689/apartamento-3-quartos-residencial-dusseldorf-praia-brava-itajai/
291,https://maximoveis.com.br/imovel/10325/apartamento-1-quarto-atmos-sky-vila-operaria-itajai/
292,https://maximoveis.com.br/imovel/12263/apartamento-3-quartos-imperialle-pioneiros-balneario-camboriu/
293,https://maximoveis.com.br/imovel/10047/apartamento-2-quartos-jardins-de-burle-marx-sao-joao-itajai/
294,https://maximoveis.com.br/imovel/12596/apartamento-2-quartos-north-brava-praia-brava-itajai/
295,https://maximoveis.com.br/imovel/11356/apartamento-3-quartos-amber-tower-centro-navegantes/
296,https://maximoveis.com.br/imovel/10071/apartamento-3-quartos-monte-solaro-centro-itajai/
297,https://maximoveis.com.br/imovel/12482/apartamento-3-quartos-provincia-di-salerno-fazenda-itajai/
298,https://maximoveis.com.br/imovel/6948/apartamento-3-quartos-chardonnay-residence-centro-navegantes/
299,https://maximoveis.com.br/imovel/12391/apartamento-3-quartos-portinax-centro-balneario-camboriu/
300,https://maximoveis.com.br/imovel/12149/apartamento-2-quartos-pioneiros-balneario-camboriu/
301,https://maximoveis.com.br/imovel/12107/apartamento-2-quartos-privilege-residence-praia-brava-itajai/
302,https://maximoveis.com.br/imovel/11489/apartamento-2-quartos-breeze-residence-meia-praia-navegantes/
303,https://maximoveis.com.br/imovel/9363/apartamento-3-quartos-riva-praia-brava-itajai/
304,https://maximoveis.com.br/imovel/12544/apartamento-2-quartos-londrina-centro-balneario-camboriu/
305,https://maximoveis.com.br/imovel/12710/apartamento-2-quartos-luna-bella-itaipava-itajai/
306,https://maximoveis.com.br/imovel/11945/apartamento-3-quartos-riva-praia-brava-itajai/
307,https://maximoveis.com.br/imovel/9506/apartamento-3-quartos-dom-pablo-centro-balneario-camboriu/
308,https://maximoveis.com.br/imovel/10821/apartamento-2-quartos-residencial-topazio-centro-navegantes/
309,https://maximoveis.com.br/imovel/12767/apartamento-2-quartos-fazenda-garden-fazenda-itajai/
310,https://maximoveis.com.br/imovel/12444/apartamento-2-quartos-sunset-residence-meia-praia-navegantes/
311,https://maximoveis.com.br/imovel/4244/apartamento-4-quartos-delta-um-centro-itajai/
312,https://maximoveis.com.br/imovel/12421/apartamento-2-quartos-residencial-privilege-meia-praia-navegantes/
313,https://maximoveis.com.br/imovel/12096/apartamento-2-quartos-fc-perfetto-machados-navegantes/
314,https://maximoveis.com.br/imovel/1679/apartamento-1-quarto-maxhaus-praia-brava-praia-brava-itajai/
315,https://maximoveis.com.br/imovel/10498/apartamento-2-quartos-maiori-centro-itajai/
316,https://maximoveis.com.br/imovel/10759/apartamento-3-quartos-artefacto-towers-fazendinha-itajai/
317,https://maximoveis.com.br/imovel/10776/apartamento-2-quartos-lago-di-lucerna-dom-bosco-itajai/
318,https://maximoveis.com.br/imovel/9799/apartamento-4-quartos-leblon-garden-residence-pioneiros-balneario-camboriu/
319,https://maximoveis.com.br/imovel/9390/apartamento-3-quartos-riva-praia-brava-itajai/
320,https://maximoveis.com.br/imovel/12706/apartamento-2-quartos-luna-bella-itaipava-itajai/
321,https://maximoveis.com.br/imovel/12524/apartamento-2-quartos-lumieri-residence-centro-navegantes/
322,https://maximoveis.com.br/imovel/8835/apartamento-3-quartos-marechiaro-residencial-centro-itajai/
323,https://maximoveis.com.br/imovel/8830/apartamento-3-quartos-marechiaro-residencial-centro-itajai/
324,https://maximoveis.com.br/imovel/12915/apartamento-2-quartos-urban-side-vila-operaria-itajai/
325,https://maximoveis.com.br/imovel/7952/apartamento-4-quartos-skyline-tower-centro-balneario-camboriu/
326,https://maximoveis.com.br/imovel/11874/apartamento-2-quartos-hub-45-centro-itajai/
327,https://maximoveis.com.br/imovel/12691/apartamento-2-quartos-luna-bella-itaipava-itajai/
328,https://maximoveis.com.br/imovel/4179/apartamento-3-quartos-edificio-residencial-fernanda-e-daniel-vila-operaria-itajai/
329,https://maximoveis.com.br/imovel/12769/apartamento-3-quartos-fazenda-garden-fazenda-itajai/
330,https://maximoveis.com.br/imovel/12103/apartamento-4-quartos-torre-esmeralda-centro-balneario-camboriu/
331,https://maximoveis.com.br/imovel/10953/apartamento-4-quartos-admira-arrka-concept-centro-balneario-camboriu/
332,https://maximoveis.com.br/imovel/12480/apartamento-3-quartos-genesis-residence-vila-operaria-itajai/
333,https://maximoveis.com.br/imovel/9011/apartamento-4-quartos-bay-house-praia-brava-itajai/
334,https://maximoveis.com.br/imovel/10717/apartamento-2-quartos-soul-brava-praia-brava-itajai/
335,https://maximoveis.com.br/imovel/7884/apartamento-3-quartos-marechiaro-residencial-centro-itajai/
336,https://maximoveis.com.br/imovel/12729/apartamento-2-quartos-luminares-residence-fazenda-itajai/
337,https://maximoveis.com.br/imovel/12428/apartamento-3-quartos-torres-da-brava-praia-brava-itajai/
338,https://maximoveis.com.br/imovel/12476/apartamento-2-quartos-brava-park-residence-praia-brava-itajai/
339,https://maximoveis.com.br/imovel/6367/apartamento-4-quartos-brava-home-resort-praia-brava-itajai/
340,https://maximoveis.com.br/imovel/12731/apartamento-3-quartos-luminares-residence-fazenda-itajai/
341,https://maximoveis.com.br/imovel/11357/apartamento-1-quarto-amber-tower-centro-navegantes/
342,https://maximoveis.com.br/imovel/10688/apartamento-3-quartos-residencial-dusseldorf-praia-brava-itajai/
343,https://maximoveis.com.br/imovel/12328/apartamento-2-quartos-torres-da-brava-praia-brava-itajai/
344,https://maximoveis.com.br/imovel/9183/apartamento-3-quartos-alphaville-centro-balneario-camboriu/
345,https://maximoveis.com.br/imovel/12310/apartamento-4-quartos-tesla-centro-balneario-camboriu/
346,https://maximoveis.com.br/imovel/11308/apartamento-1-quarto-manu-bay-balneario-santa-clara-itajai/
347,https://maximoveis.com.br/imovel/11175/apartamento-2-quartos-garden-club-sao-joao-itajai/
348,https://maximoveis.com.br/imovel/12730/apartamento-2-quartos-luminares-residence-fazenda-itajai/
349,https://maximoveis.com.br/imovel/12762/apartamento-2-quartos-space-soul-centro-itajai/
350,https://maximoveis.com.br/imovel/10716/apartamento-2-quartos-soul-brava-praia-brava-itajai/
351,https://maximoveis.com.br/imovel/8242/apartamento-2-quartos-opus-house-centro-navegantes/
352,https://maximoveis.com.br/imovel/10065/apartamento-3-quartos-monte-solaro-centro-itajai/
353,https://maximoveis.com.br/imovel/10526/apartamento-3-quartos-volpi-centro-itajai/
354,https://maximoveis.com.br/imovel/8828/apartamento-3-quartos-marechiaro-residencial-centro-itajai/
355,https://maximoveis.com.br/imovel/11034/apartamento-4-quartos-esquina-bella-pioneiros-balneario-camboriu/
356,https://maximoveis.com.br/imovel/6228/apartamento-2-quartos-lottus-residence-centro-itajai/
357,https://maximoveis.com.br/imovel/8993/apartamento-3-quartos-mabrem-san-marino-dom-bosco-itajai/
358,https://maximoveis.com.br/imovel/5956/apartamento-2-quartos-lago-moraine-fazenda-itajai/
359,https://maximoveis.com.br/imovel/11584/apartamento-4-quartos-paganini-tower-centro-balneario-camboriu/
360,https://maximoveis.com.br/imovel/11169/apartamento-5-quartos-brava-home-resort-praia-brava-itajai/
361,https://maximoveis.com.br/imovel/12519/apartamento-3-quartos-square-hobus-praia-brava-itajai/
362,https://maximoveis.com.br/imovel/11835/apartamento-3-quartos-torres-da-brava-praia-brava-itajai/
363,https://maximoveis.com.br/imovel/11836/apartamento-2-quartos-torres-da-brava-praia-brava-itajai/
364,https://maximoveis.com.br/imovel/7897/apartamento-4-quartos-esquina-bella-pioneiros-balneario-camboriu/
365,https://maximoveis.com.br/imovel/7654/apartamento-3-quartos-reserva-figueira-praia-brava-itajai/
366,https://maximoveis.com.br/imovel/7965/apartamento-4-quartos-boreal-tower-centro-balneario-camboriu/
367,https://maximoveis.com.br/imovel/12329/apartamento-2-quartos-paganini-tower-centro-balneario-camboriu/
368,https://maximoveis.com.br/imovel/12728/apartamento-2-quartos-luminares-residence-fazenda-itajai/
369,https://maximoveis.com.br/imovel/11355/apartamento-3-quartos-amber-tower-centro-navegantes/
370,https://maximoveis.com.br/imovel/9917/apartamento-4-quartos-timeless-centro-balneario-camboriu/
371,https://maximoveis.com.br/imovel/12111/apartamento-4-quartos-meridian-tower-centro-balneario-camboriu/
372,https://maximoveis.com.br/imovel/12894/apartamento-2-quartos-brava-ocean-balneario-santa-clara-itajai/
373,https://maximoveis.com.br/imovel/9374/apartamento-3-quartos-riva-praia-brava-itajai/
374,https://maximoveis.com.br/imovel/12108/apartamento-4-quartos-meridian-tower-centro-balneario-camboriu/
375,https://maximoveis.com.br/imovel/8467/apartamento-3-quartos-privilege-brava-praia-brava-itajai/
376,https://maximoveis.com.br/imovel/12535/apartamento-3-quartos-leonardo-da-vinci.-balneario-santa-clara-itajai/
377,https://maximoveis.com.br/imovel/12483/apartamento-3-quartos-provincia-di-salerno-fazenda-itajai/
378,https://maximoveis.com.br/imovel/12371/apartamento-4-quartos-seas-palace-centro-balneario-camboriu/
379,https://maximoveis.com.br/imovel/11995/apartamento-5-quartos-blue-coast-pioneiros-balneario-camboriu/
380,https://maximoveis.com.br/imovel/10069/apartamento-3-quartos-monte-solaro-centro-itajai/
381,https://maximoveis.com.br/imovel/12727/apartamento-3-quartos-luminares-residence-fazenda-itajai/
382,https://maximoveis.com.br/imovel/12386/apartamento-3-quartos-dom-bc-centro-balneario-camboriu/
383,https://maximoveis.com.br/imovel/10718/apartamento-2-quartos-soul-brava-praia-brava-itajai/
384,https://maximoveis.com.br/imovel/12768/apartamento-3-quartos-fazenda-garden-fazenda-itajai/
385,https://maximoveis.com.br/imovel/10873/apartamento-3-quartos-lorena-cristina-centro-balneario-camboriu/
386,https://maximoveis.com.br/imovel/12732/apartamento-2-quartos-luminares-residence-fazenda-itajai/
387,https://maximoveis.com.br/imovel/7535/apartamento-3-quartos-marechiaro-residencial-centro-itajai/
388,https://maximoveis.com.br/imovel/9193/apartamento-2-quartos-soul-brava-praia-brava-itajai/
389,https://maximoveis.com.br/imovel/11212/apartamento-2-quartos-montefiore-na%C3%A7oes-balneario-camboriu/
390,https://maximoveis.com.br/imovel/12272/apartamento-3-quartos-costa-esmeralda-residencial-bc-pioneiros-balneario-camboriu/
391,https://maximoveis.com.br/imovel/10758/apartamento-3-quartos-artefacto-towers-fazendinha-itajai/
392,https://maximoveis.com.br/imovel/12317/apartamento-4-quartos-brava-home-resort-praia-brava-itajai/
393,https://maximoveis.com.br/imovel/10266/apartamento-2-quartos-saint-laurent-residencial-centro-navegantes/
394,https://maximoveis.com.br/imovel/10692/apartamento-3-quartos-residencial-dusseldorf-praia-brava-itajai/
395,https://maximoveis.com.br/imovel/12250/apartamento-4-quartos-sante-boutique-barra-norte-balneario-camboriu/
396,https://maximoveis.com.br/imovel/9541/apartamento-3-quartos-charmant-centro-balneario-camboriu/
397,https://maximoveis.com.br/imovel/12124/apartamento-2-quartos-edificio-residencial-opala-centro-navegantes/
398,https://maximoveis.com.br/imovel/12475/apartamento-2-quartos-brava-park-residence-praia-brava-itajai/
399,https://maximoveis.com.br/imovel/11765/apartamento-8-quartos-residencial-flor-de-lotus-sao-domingos-navegantes/
